src,dst,pkts,bytes,unique_ports,score,anomaly
10.0.0.1,10.0.0.2,5,400,2,0.17912078237695223,1
10.0.0.3,10.0.0.2,200,10000,100,-0.05678960955190204,-1
10.0.0.4,10.0.0.2,7,800,3,0.18278395837928474,1
